Redirect from,Redirect to
/america-mg,/products/america-mg
/athletico-paranaense,/products/athletico-paranaense
/atletico-mineiro,/products/atletico-mineiro
/avai,/products/avai
/bahia,/products/bahia
/botafogo,/products/botafogo
/ceara,/products/ceara
/chapecoense,/products/chapecoense
/corinthians,/products/corinthians
/cruzeiro,/products/cruzeiro
/flamengo,/products/flamengo
/fluminense,/products/fluminense
/fortaleza,/products/fortaleza
/gremio,/products/gremio
/internacional,/products/internacional
/palmeiras,/products/palmeiras
/paysandu,/products/paysandu
/rb-bragantino,/products/rb-bragantino
/remo,/products/remo
/santa-cruz,/products/santa-cruz
/santos,/products/santos
/sport,/products/sport
/sao-paulo,/products/sao-paulo
/vasco,/products/vasco
/alaves,/products/alaves
/almeria,/products/almeria
/arsenal,/products/arsenal
/aston-villa,/products/aston-villa
/atalanta,/products/atalanta
/athletic-bilbao,/products/athletic-bilbao
/atletico-de-madrid,/products/atletico-de-madrid
/barcelona,/products/barcelona
/bologna,/products/bologna
/cadiz,/products/cadiz
/celta-de-vigo,/products/celta-de-vigo
/chelsea,/products/chelsea
/crystal-palace,/products/crystal-palace
/everton,/products/everton
/fiorentina,/products/fiorentina
/granada,/products/granada
/inter-de-milao,/products/inter-de-milao
/juventus,/products/juventus
/la-coruna,/products/la-coruna
/lazio,/products/lazio
/leeds-united,/products/leeds-united
/leganes,/products/leganes
/leicester,/products/leicester
/lille-olympique,/products/lille-olympique
/liverpool,/products/liverpool
/manchester-city,/products/manchester-city
/manchester-united,/products/manchester-united
/milan,/products/milan
/monaco,/products/monaco
/nantes,/products/nantes
/napoli,/products/napoli
/nice,/products/nice
/nottingham-forest,/products/nottingham-forest
/olympique-lyon,/products/olympique-lyon
/olympique-marseille,/products/olympique-marseille
/osasuna,/products/osasuna
/parma,/products/parma
/psg,/products/psg
/racing-club-lens,/products/racing-club-lens
/real-betis,/products/real-betis
/real-madrid,/products/real-madrid
/real-sociedad,/products/real-sociedad
/roma,/products/roma
/saint-ettiene,/products/saint-ettiene
/sampdoria,/products/sampdoria
/sassuolo,/products/sassuolo
/sevilla,/products/sevilla
/sheffield,/products/sheffield
/southampton,/products/southampton
/stade-rennais,/products/stade-rennais
/strasbourg,/products/strasbourg
/sunderland,/products/sunderland
/sunderland,/products/sunderland-2
/torino,/products/torino
/tottenham,/products/tottenham
/valladolid,/products/valladolid
/valencia,/products/valencia
/villarreal,/products/villarreal
/west-ham,/products/west-ham
/wolverhampton,/products/wolverhampton
/zaragoza,/products/zaragoza
/alemanha,/products/alemanha
/argelia,/products/argelia
/argentina,/products/argentina
/bayer-leverkusen,/products/bayer-leverkusen
/bayern-munique,/products/bayern-munique
/borussia-dortmund,/products/borussia-dortmund
/borussia-monchengladbach,/products/borussia-monchengladbach
/brasil,/products/brasil
/belgica,/products/belgica
/camaroes,/products/camaroes
/chile,/products/chile
/colombia,/products/colombia
/colonia,/products/colonia
/colonia,/products/colonia-2
/coreia-do-sul,/products/coreia-do-sul
/costa-do-marfim,/products/costa-do-marfim
/croacia,/products/croacia
/egito,/products/egito
/eintracht-frankfurt,/products/eintracht-frankfurt
/equador,/products/equador
/escocia,/products/escocia
/espanha,/products/espanha
/estados-unidos,/products/estados-unidos
/finlandia,/products/finlandia
/franca,/products/franca
/gana,/products/gana
/hertha-berlin,/products/hertha-berlin
/holanda,/products/holanda
/inglaterra,/products/inglaterra
/irlanda,/products/irlanda
/italia,/products/italia
/japao,/products/japao
/marrocos,/products/marrocos
/mexico,/products/mexico
/nigeria,/products/nigeria
/noruega,/products/noruega
/panama,/products/panama
/paraguai,/products/paraguai
/paraguai,/products/paraguai-2
/pais-de-gales,/products/pais-de-gales
/peru,/products/peru
/polonia,/products/polonia
/portugal,/products/portugal
/rb-leipzig,/products/rb-leipzig
/republica-tcheca,/products/republica-tcheca
/senegal,/products/senegal
/stuttgart,/products/stuttgart
/suecia,/products/suecia
/suica,/products/suica
/tunisia,/products/tunisia
/turquia,/products/turquia
/ucrania,/products/ucrania
/union-berlin,/products/union-berlin
/uruguai,/products/uruguai
/venezuela,/products/venezuela
/wolfsburg,/products/wolfsburg
/austria,/products/austria
/aik,/products/aik
/ajax,/products/ajax
/america-de-cali,/products/america-de-cali
/america-de-cali,/products/america-de-cali-2
/atletico-nacional,/products/atletico-nacional
/az-alkmaar,/products/az-alkmaar
/benfica,/products/benfica
/besiktas,/products/besiktas
/boca-juniors,/products/boca-juniors
/celtic,/products/celtic
/colo-colo,/products/colo-colo
/copenhagen,/products/copenhagen
/dinamo-zagreb,/products/dinamo-zagreb
/estudiantes,/products/estudiantes
/fenerbahce,/products/fenerbahce
/feyenoord,/products/feyenoord
/galatasaray,/products/galatasaray
/nacional-uruguai,/products/nacional-uruguai
/newells-old-boys,/products/newells-old-boys
/olympiacos,/products/olympiacos
/olimpia,/products/olimpia
/penarol,/products/penarol
/porto,/products/porto
/psv,/products/psv
/racing,/products/racing
/rangers,/products/rangers
/river-plate,/products/river-plate
/rosario-central,/products/rosario-central
/san-lorenzo,/products/san-lorenzo
/shaktar-donetsk,/products/shaktar-donetsk
/sporting,/products/sporting
/universidad-de-chile,/products/universidad-de-chile
/atlanta-hawks,/products/atlanta-hawks
/boston-celtics,/products/boston-celtics
/brooklyn-nets,/products/brooklyn-nets
/charlotte-hornets,/products/charlotte-hornets
/chicago-bulls,/products/chicago-bulls
/cleveland-cavaliers,/products/cleveland-cavaliers
/denver-nuggets,/products/denver-nuggets
/detroit-pistons,/products/detroit-pistons
/golden-state-warriors,/products/golden-state-warriors
/houston-rockets,/products/houston-rockets
/indiana-pacers,/products/indiana-pacers
/los-angeles-clippers,/products/los-angeles-clippers
/los-angeles-lakers,/products/los-angeles-lakers
/memphis-grizzlies,/products/memphis-grizzlies
/miami-heat,/products/miami-heat
/milwaukee-bucks,/products/milwaukee-bucks
/minnesota-timberwolves,/products/minnesota-timberwolves
/new-orleans-pelicans,/products/new-orleans-pelicans
/new-york-knicks,/products/new-york-knicks
/oklahoma-city-thunder,/products/oklahoma-city-thunder
/orlando-magic,/products/orlando-magic
/philadelphia-76ers,/products/philadelphia-76ers
/phoenix-suns,/products/phoenix-suns
/portland-trail-blazers,/products/portland-trail-blazers
/sacramento-kings,/products/sacramento-kings
/san-antonio-spurs,/products/san-antonio-spurs
/toronto-raptors,/products/toronto-raptors
/utah-jazz,/products/utah-jazz
/washington-wizards,/products/washington-wizards
/ajax-retro,/products/ajax-retro
/alemanha-retro,/products/alemanha-retro
/america-mexico,/products/america-mexico
/argentina-retro,/products/argentina-retro
/arsenal-retro,/products/arsenal-retro
/aston-villa,/products/aston-villa-2
/atalanta,/products/atalanta-2
/atletico-madrid,/products/atletico-madrid
/atletico-mineiro-retro,/products/atletico-mineiro-retro
/barcelona,/products/barcelona-2
/bayern-munique-retro,/products/bayern-munique-retro
/benfica-retro,/products/benfica-retro
/bilbao,/products/bilbao
/boca-juniors-retro,/products/boca-juniors-retro
/borussia-dortmund,/products/borussia-dortmund-2
/brasil,/products/brasil-2
/belgica-retro,/products/belgica-retro
/celtic-retro,/products/celtic-retro
/chelsea-retro,/products/chelsea-retro
/chile,/products/chile-2
/chivas-guadalajara,/products/chivas-guadalajara
/colo-colo-retro,/products/colo-colo-retro
/colombia,/products/colombia-2
/corinthians-retro,/products/corinthians-retro
/coreia-do-sul,/products/coreia-do-sul-2
/croacia,/products/croacia-2
/cruzeiro,/products/cruzeiro-2
/dinamarca,/products/dinamarca
/escocia-retro,/products/escocia-retro
/espanha-retro,/products/espanha-retro
/estados-unidos,/products/estados-unidos-2
/everton,/products/everton-2
/fiorentina-retro,/products/fiorentina-retro
/flamengo-retro,/products/flamengo-retro
/fluminense,/products/fluminense-2
/franca-retro,/products/franca-retro
/gremio,/products/gremio-2
/holanda,/products/holanda-2
/inglaterra,/products/inglaterra-2
/inter-milao-retro,/products/inter-milao-retro
/internacional,/products/internacional-2
/irlanda,/products/irlanda-2
/italia-retro,/products/italia-retro
/japao,/products/japao-2
/juventus,/products/juventus-2
/la-galaxy,/products/la-galaxy
/lazio,/products/lazio-2
/leeds-united-retro,/products/leeds-united-retro
/liverpool,/products/liverpool-2
/lyon,/products/lyon
/manchester-city-retro,/products/manchester-city-retro
/manchester-united-retro,/products/manchester-united-retro
/marrocos-retro,/products/marrocos-retro
/marseille,/products/marseille
/milan-retro,/products/milan-retro
/mexico,/products/mexico-2
/monaco,/products/monaco-2
/napoli,/products/napoli-2
/new-york-city,/products/new-york-city
/newcastle,/products/newcastle
/newlls-old-boys,/products/newlls-old-boys
/nottingham-forest,/products/nottingham-forest-2
/palmeiras,/products/palmeiras-2
/pais-de-gales,/products/pais-de-gales-2
/porto-retro,/products/porto-retro
/portugal-retro,/products/portugal-retro
/psg,/products/psg-2
/psv,/products/psv-2
/rangers-retro,/products/rangers-retro
/real-betis,/products/real-betis-2
/real-madrid-retro,/products/real-madrid-retro
/river-plate-retro,/products/river-plate-retro
/roma-retro,/products/roma-retro
/sampdoria,/products/sampdoria-2
/sampdoria,/products/sampdoria-3
/santos,/products/santos-2
/santos,/products/santos-3
/senegal,/products/senegal-2
/sporting,/products/sporting-2
/sao-paulo,/products/sao-paulo-2
/tottenham-retro,/products/tottenham-retro
/universidad-catolica,/products/universidad-catolica
/universidad-chile,/products/universidad-chile
/uruguai,/products/uruguai-2
/valencia,/products/valencia-2
/vasco,/products/vasco-2
/west-ham,/products/west-ham-2
/conjuntos-infantis,/products/conjuntos-infantis
/conjuntos-de-treino-viagem,/products/conjuntos-de-treino-viagem
/corta-vento,/products/corta-vento
